[{"model": "contenttypes.contenttype", "pk": 1, "fields": {"app_label": "admin", "model": "logentry"}}, {"model": "contenttypes.contenttype", "pk": 2, "fields": {"app_label": "auth", "model": "permission"}}, {"model": "contenttypes.contenttype", "pk": 3, "fields": {"app_label": "auth", "model": "group"}}, {"model": "contenttypes.contenttype", "pk": 4, "fields": {"app_label": "auth", "model": "user"}}, {"model": "contenttypes.contenttype", "pk": 5, "fields": {"app_label": "contenttypes", "model": "contenttype"}}, {"model": "contenttypes.contenttype", "pk": 6, "fields": {"app_label": "sessions", "model": "session"}}, {"model": "contenttypes.contenttype", "pk": 7, "fields": {"app_label": "sites", "model": "site"}}, {"model": "contenttypes.contenttype", "pk": 8, "fields": {"app_label": "account", "model": "emailaddress"}}, {"model": "contenttypes.contenttype", "pk": 9, "fields": {"app_label": "account", "model": "emailconfirmation"}}, {"model": "contenttypes.contenttype", "pk": 10, "fields": {"app_label": "socialaccount", "model": "socialaccount"}}, {"model": "contenttypes.contenttype", "pk": 11, "fields": {"app_label": "socialaccount", "model": "socialapp"}}, {"model": "contenttypes.contenttype", "pk": 12, "fields": {"app_label": "socialaccount", "model": "socialtoken"}}, {"model": "contenttypes.contenttype", "pk": 13, "fields": {"app_label": "kanban", "model": "board"}}, {"model": "contenttypes.contenttype", "pk": 14, "fields": {"app_label": "kanban", "model": "column"}}, {"model": "contenttypes.contenttype", "pk": 15, "fields": {"app_label": "kanban", "model": "card"}}, {"model": "contenttypes.contenttype", "pk": 16, "fields": {"app_label": "kanban", "model": "manager"}}, {"model": "contenttypes.contenttype", "pk": 17, "fields": {"app_label": "kanban", "model": "tag"}}, {"model": "contenttypes.contenttype", "pk": 18, "fields": {"app_label": "activity", "model": "stream"}}, {"model": "contenttypes.contenttype", "pk": 19, "fields": {"app_label": "activity", "model": "post"}}, {"model": "contenttypes.contenttype", "pk": 20, "fields": {"app_label": "activity", "model": "posttag"}}, {"model": "contenttypes.contenttype", "pk": 21, "fields": {"app_label": "projects", "model": "project"}}, {"model": "contenttypes.contenttype", "pk": 22, "fields": {"app_label": "projects", "model": "manager"}}, {"model": "contenttypes.contenttype", "pk": 23, "fields": {"app_label": "projects", "model": "directorylisting"}}, {"model": "contenttypes.contenttype", "pk": 24, "fields": {"app_label": "projects", "model": "deliverable"}}, {"model": "contenttypes.contenttype", "pk": 25, "fields": {"app_label": "projects", "model": "card"}}, {"model": "contenttypes.contenttype", "pk": 26, "fields": {"app_label": "projects", "model": "board"}}, {"model": "contenttypes.contenttype", "pk": 27, "fields": {"app_label": "projects", "model": "stage"}}, {"model": "contenttypes.contenttype", "pk": 28, "fields": {"app_label": "projects", "model": "tasktemplate"}}, {"model": "contenttypes.contenttype", "pk": 29, "fields": {"app_label": "projects", "model": "tasktemplatetag"}}, {"model": "contenttypes.contenttype", "pk": 30, "fields": {"app_label": "projects", "model": "tag"}}, {"model": "contenttypes.contenttype", "pk": 31, "fields": {"app_label": "projects", "model": "task"}}, {"model": "contenttypes.contenttype", "pk": 32, "fields": {"app_label": "projects", "model": "tasktag"}}, {"model": "contenttypes.contenttype", "pk": 33, "fields": {"app_label": "projects", "model": "evidencecategory"}}, {"model": "contenttypes.contenttype", "pk": 34, "fields": {"app_label": "projects", "model": "evidencepiece"}}, {"model": "contenttypes.contenttype", "pk": 35, "fields": {"app_label": "projects", "model": "tasktemplateevidencetag"}}, {"model": "contenttypes.contenttype", "pk": 36, "fields": {"app_label": "projects", "model": "taskevidencetag"}}, {"model": "contenttypes.contenttype", "pk": 37, "fields": {"app_label": "projects", "model": "evidencetag"}}, {"model": "contenttypes.contenttype", "pk": 38, "fields": {"app_label": "projects", "model": "evidencecategorytag"}}, {"model": "sessions.session", "pk": "sobn6liu29ukvib3nlo8qtvwkqry4vli", "fields": {"session_data": "NjA2ZWQ4ZWQwYWQzM2QzODg4ZjE0N2VlYjhmZjcxMGY2ZDlhMjg5Nzp7Il9hdXRoX3VzZXJfaWQiOiIxIiwiX2F1dGhfdXNlcl9iYWNrZW5kIjoiZGphbmdvLmNvbnRyaWIuYXV0aC5iYWNrZW5kcy5Nb2RlbEJhY2tlbmQiLCJfYXV0aF91c2VyX2hhc2giOiJhZDJlY2RhOGRjNTZjNDVkYjhlMWNjMWI4MmZmOWFmYjJkODJlZTM5In0=", "expire_date": "2020-02-24T16:52:42.399Z"}}, {"model": "sites.site", "pk": 1, "fields": {"domain": "localhost:8000", "name": "Radio Burrito"}}, {"model": "kanban.tag", "pk": 1, "fields": {"manager": 1, "tag": "talent"}}, {"model": "kanban.tag", "pk": 2, "fields": {"manager": 1, "tag": "editor"}}, {"model": "kanban.tag", "pk": 3, "fields": {"manager": 1, "tag": "producer"}}, {"model": "kanban.column", "pk": 1, "fields": {"board": 1, "name": "Planning", "ordering": 0, "can_create_cards": "[\"producer\"]", "can_move_in": "[\"producer\", \"editor\"]", "can_move_out": "[\"producer\"]"}}, {"model": "kanban.column", "pk": 2, "fields": {"board": 1, "name": "Recording", "ordering": 1, "can_create_cards": "[\"talenet\", \"producer\"]", "can_move_in": "[\"producer\"]", "can_move_out": "[\"producer\", \"editor\"]"}}, {"model": "kanban.column", "pk": 3, "fields": {"board": 1, "name": "Editing", "ordering": 2, "can_create_cards": "[\"editor\"]", "can_move_in": "[\"editor\"]", "can_move_out": "[\"editor\"]"}}, {"model": "kanban.column", "pk": 4, "fields": {"board": 1, "name": "Awaiting approval", "ordering": 3, "can_create_cards": "[\"producer\"]", "can_move_in": "[\"editor\"]", "can_move_out": "[\"producer\", \"editor\"]"}}, {"model": "kanban.column", "pk": 5, "fields": {"board": 1, "name": "Approved", "ordering": 4, "can_create_cards": "[\"producer\", \"editor\"]", "can_move_in": "[\"producer\"]", "can_move_out": "[\"producer\"]"}}, {"model": "kanban.column", "pk": 6, "fields": {"board": 1, "name": "Published", "ordering": 5, "can_create_cards": "[\"editor\", \"producer\"]", "can_move_in": "[\"editor\", \"producer\"]", "can_move_out": "[\"editor\", \"producer\"]"}}, {"model": "projects.tag", "pk": 1, "fields": {"manager": 1, "tag": "talent"}}, {"model": "projects.tag", "pk": 2, "fields": {"manager": 1, "tag": "editor"}}, {"model": "projects.tag", "pk": 3, "fields": {"manager": 1, "tag": "producer"}}, {"model": "projects.tasktemplate", "pk": 1, "fields": {"stage": 1, "title": "Find a recording date", "start_delta": null, "due_delta": null, "ordering": 0, "description": null, "evidence_direction": null}}, {"model": "projects.tasktemplate", "pk": 2, "fields": {"stage": 1, "title": "Prepare notes", "start_delta": null, "due_delta": null, "ordering": 0, "description": null, "evidence_direction": "up"}}, {"model": "projects.tasktemplate", "pk": 3, "fields": {"stage": 2, "title": "Record episode", "start_delta": null, "due_delta": null, "ordering": 0, "description": null, "evidence_direction": null}}, {"model": "projects.tasktemplate", "pk": 4, "fields": {"stage": 2, "title": "Upload recording", "start_delta": null, "due_delta": null, "ordering": 0, "description": null, "evidence_direction": "up"}}, {"model": "projects.tasktemplate", "pk": 5, "fields": {"stage": 3, "title": "Download audio", "start_delta": null, "due_delta": null, "ordering": 0, "description": null, "evidence_direction": "down"}}, {"model": "projects.tasktemplate", "pk": 6, "fields": {"stage": 3, "title": "Edit episode", "start_delta": null, "due_delta": null, "ordering": 0, "description": null, "evidence_direction": null}}, {"model": "projects.tasktemplate", "pk": 7, "fields": {"stage": 3, "title": "Upload draft", "start_delta": null, "due_delta": null, "ordering": 0, "description": null, "evidence_direction": "up"}}, {"model": "projects.tasktemplate", "pk": 8, "fields": {"stage": 4, "title": "Listen to episode", "start_delta": null, "due_delta": null, "ordering": 0, "description": null, "evidence_direction": "down"}}, {"model": "projects.tasktemplate", "pk": 9, "fields": {"stage": 4, "title": "Provide editing notes", "start_delta": null, "due_delta": "1 day", "ordering": 0, "description": null, "evidence_direction": "up"}}, {"model": "projects.tasktemplate", "pk": 10, "fields": {"stage": 5, "title": "Upload final master", "start_delta": null, "due_delta": "now", "ordering": 0, "description": null, "evidence_direction": "up"}}, {"model": "projects.tasktemplate", "pk": 11, "fields": {"stage": 5, "title": "Write episode notes", "start_delta": null, "due_delta": "now", "ordering": 0, "description": null, "evidence_direction": null}}, {"model": "projects.tasktemplatetag", "pk": 1, "fields": {"template": 1, "tag": "producer"}}, {"model": "projects.tasktemplatetag", "pk": 2, "fields": {"template": 2, "tag": "producer"}}, {"model": "projects.tasktemplatetag", "pk": 3, "fields": {"template": 3, "tag": "talent"}}, {"model": "projects.tasktemplatetag", "pk": 4, "fields": {"template": 3, "tag": "producer"}}, {"model": "projects.tasktemplatetag", "pk": 5, "fields": {"template": 4, "tag": "talent"}}, {"model": "projects.tasktemplatetag", "pk": 6, "fields": {"template": 4, "tag": "producer"}}, {"model": "projects.tasktemplatetag", "pk": 7, "fields": {"template": 5, "tag": "editor"}}, {"model": "projects.tasktemplatetag", "pk": 8, "fields": {"template": 6, "tag": "editor"}}, {"model": "projects.tasktemplatetag", "pk": 9, "fields": {"template": 7, "tag": "editor"}}, {"model": "projects.tasktemplatetag", "pk": 10, "fields": {"template": 8, "tag": "producer"}}, {"model": "projects.tasktemplatetag", "pk": 11, "fields": {"template": 9, "tag": "producer"}}, {"model": "projects.tasktemplatetag", "pk": 12, "fields": {"template": 10, "tag": "editor"}}, {"model": "projects.tasktemplatetag", "pk": 13, "fields": {"template": 10, "tag": "producer"}}, {"model": "projects.tasktemplatetag", "pk": 14, "fields": {"template": 11, "tag": "editor"}}, {"model": "projects.tasktemplatetag", "pk": 15, "fields": {"template": 11, "tag": "producer"}}, {"model": "projects.tasktemplateevidencetag", "pk": 1, "fields": {"template": 2, "tag": "text"}}, {"model": "projects.tasktemplateevidencetag", "pk": 2, "fields": {"template": 2, "tag": "production"}}, {"model": "projects.tasktemplateevidencetag", "pk": 3, "fields": {"template": 4, "tag": "media"}}, {"model": "projects.tasktemplateevidencetag", "pk": 4, "fields": {"template": 4, "tag": "pre"}}, {"model": "projects.tasktemplateevidencetag", "pk": 5, "fields": {"template": 4, "tag": "production"}}, {"model": "projects.tasktemplateevidencetag", "pk": 6, "fields": {"template": 5, "tag": "media"}}, {"model": "projects.tasktemplateevidencetag", "pk": 7, "fields": {"template": 5, "tag": "pre"}}, {"model": "projects.tasktemplateevidencetag", "pk": 8, "fields": {"template": 5, "tag": "production"}}, {"model": "projects.tasktemplateevidencetag", "pk": 9, "fields": {"template": 7, "tag": "media"}}, {"model": "projects.tasktemplateevidencetag", "pk": 10, "fields": {"template": 7, "tag": "post"}}, {"model": "projects.tasktemplateevidencetag", "pk": 11, "fields": {"template": 7, "tag": "production"}}, {"model": "projects.tasktemplateevidencetag", "pk": 12, "fields": {"template": 8, "tag": "media"}}, {"model": "projects.tasktemplateevidencetag", "pk": 13, "fields": {"template": 8, "tag": "post"}}, {"model": "projects.tasktemplateevidencetag", "pk": 14, "fields": {"template": 8, "tag": "production"}}, {"model": "projects.tasktemplateevidencetag", "pk": 15, "fields": {"template": 9, "tag": "text"}}, {"model": "projects.tasktemplateevidencetag", "pk": 16, "fields": {"template": 9, "tag": "production"}}, {"model": "projects.tasktemplateevidencetag", "pk": 17, "fields": {"template": 10, "tag": "media"}}, {"model": "projects.tasktemplateevidencetag", "pk": 18, "fields": {"template": 10, "tag": "post"}}, {"model": "projects.tasktemplateevidencetag", "pk": 19, "fields": {"template": 10, "tag": "production"}}, {"model": "projects.evidencecategorytag", "pk": 1, "fields": {"category": 1, "tag": "media"}}, {"model": "projects.evidencecategorytag", "pk": 2, "fields": {"category": 2, "tag": "media"}}, {"model": "projects.evidencecategorytag", "pk": 3, "fields": {"category": 2, "tag": "pre"}}, {"model": "projects.evidencecategorytag", "pk": 4, "fields": {"category": 2, "tag": "production"}}, {"model": "projects.evidencecategorytag", "pk": 5, "fields": {"category": 3, "tag": "media"}}, {"model": "projects.evidencecategorytag", "pk": 6, "fields": {"category": 3, "tag": "post"}}, {"model": "projects.evidencecategorytag", "pk": 7, "fields": {"category": 3, "tag": "production"}}, {"model": "projects.evidencecategorytag", "pk": 8, "fields": {"category": 4, "tag": "text"}}, {"model": "projects.evidencecategorytag", "pk": 9, "fields": {"category": 4, "tag": "production"}}, {"model": "auth.permission", "pk": 1, "fields": {"name": "Can add log entry", "content_type": 1, "codename": "add_logentry"}}, {"model": "auth.permission", "pk": 2, "fields": {"name": "Can change log entry", "content_type": 1, "codename": "change_logentry"}}, {"model": "auth.permission", "pk": 3, "fields": {"name": "Can delete log entry", "content_type": 1, "codename": "delete_logentry"}}, {"model": "auth.permission", "pk": 4, "fields": {"name": "Can view log entry", "content_type": 1, "codename": "view_logentry"}}, {"model": "auth.permission", "pk": 5, "fields": {"name": "Can add permission", "content_type": 2, "codename": "add_permission"}}, {"model": "auth.permission", "pk": 6, "fields": {"name": "Can change permission", "content_type": 2, "codename": "change_permission"}}, {"model": "auth.permission", "pk": 7, "fields": {"name": "Can delete permission", "content_type": 2, "codename": "delete_permission"}}, {"model": "auth.permission", "pk": 8, "fields": {"name": "Can view permission", "content_type": 2, "codename": "view_permission"}}, {"model": "auth.permission", "pk": 9, "fields": {"name": "Can add group", "content_type": 3, "codename": "add_group"}}, {"model": "auth.permission", "pk": 10, "fields": {"name": "Can change group", "content_type": 3, "codename": "change_group"}}, {"model": "auth.permission", "pk": 11, "fields": {"name": "Can delete group", "content_type": 3, "codename": "delete_group"}}, {"model": "auth.permission", "pk": 12, "fields": {"name": "Can view group", "content_type": 3, "codename": "view_group"}}, {"model": "auth.permission", "pk": 13, "fields": {"name": "Can add user", "content_type": 4, "codename": "add_user"}}, {"model": "auth.permission", "pk": 14, "fields": {"name": "Can change user", "content_type": 4, "codename": "change_user"}}, {"model": "auth.permission", "pk": 15, "fields": {"name": "Can delete user", "content_type": 4, "codename": "delete_user"}}, {"model": "auth.permission", "pk": 16, "fields": {"name": "Can view user", "content_type": 4, "codename": "view_user"}}, {"model": "auth.permission", "pk": 17, "fields": {"name": "Can add content type", "content_type": 5, "codename": "add_contenttype"}}, {"model": "auth.permission", "pk": 18, "fields": {"name": "Can change content type", "content_type": 5, "codename": "change_contenttype"}}, {"model": "auth.permission", "pk": 19, "fields": {"name": "Can delete content type", "content_type": 5, "codename": "delete_contenttype"}}, {"model": "auth.permission", "pk": 20, "fields": {"name": "Can view content type", "content_type": 5, "codename": "view_contenttype"}}, {"model": "auth.permission", "pk": 21, "fields": {"name": "Can add session", "content_type": 6, "codename": "add_session"}}, {"model": "auth.permission", "pk": 22, "fields": {"name": "Can change session", "content_type": 6, "codename": "change_session"}}, {"model": "auth.permission", "pk": 23, "fields": {"name": "Can delete session", "content_type": 6, "codename": "delete_session"}}, {"model": "auth.permission", "pk": 24, "fields": {"name": "Can view session", "content_type": 6, "codename": "view_session"}}, {"model": "auth.permission", "pk": 25, "fields": {"name": "Can add site", "content_type": 7, "codename": "add_site"}}, {"model": "auth.permission", "pk": 26, "fields": {"name": "Can change site", "content_type": 7, "codename": "change_site"}}, {"model": "auth.permission", "pk": 27, "fields": {"name": "Can delete site", "content_type": 7, "codename": "delete_site"}}, {"model": "auth.permission", "pk": 28, "fields": {"name": "Can view site", "content_type": 7, "codename": "view_site"}}, {"model": "auth.permission", "pk": 29, "fields": {"name": "Can add email address", "content_type": 8, "codename": "add_emailaddress"}}, {"model": "auth.permission", "pk": 30, "fields": {"name": "Can change email address", "content_type": 8, "codename": "change_emailaddress"}}, {"model": "auth.permission", "pk": 31, "fields": {"name": "Can delete email address", "content_type": 8, "codename": "delete_emailaddress"}}, {"model": "auth.permission", "pk": 32, "fields": {"name": "Can view email address", "content_type": 8, "codename": "view_emailaddress"}}, {"model": "auth.permission", "pk": 33, "fields": {"name": "Can add email confirmation", "content_type": 9, "codename": "add_emailconfirmation"}}, {"model": "auth.permission", "pk": 34, "fields": {"name": "Can change email confirmation", "content_type": 9, "codename": "change_emailconfirmation"}}, {"model": "auth.permission", "pk": 35, "fields": {"name": "Can delete email confirmation", "content_type": 9, "codename": "delete_emailconfirmation"}}, {"model": "auth.permission", "pk": 36, "fields": {"name": "Can view email confirmation", "content_type": 9, "codename": "view_emailconfirmation"}}, {"model": "auth.permission", "pk": 37, "fields": {"name": "Can add social account", "content_type": 10, "codename": "add_socialaccount"}}, {"model": "auth.permission", "pk": 38, "fields": {"name": "Can change social account", "content_type": 10, "codename": "change_socialaccount"}}, {"model": "auth.permission", "pk": 39, "fields": {"name": "Can delete social account", "content_type": 10, "codename": "delete_socialaccount"}}, {"model": "auth.permission", "pk": 40, "fields": {"name": "Can view social account", "content_type": 10, "codename": "view_socialaccount"}}, {"model": "auth.permission", "pk": 41, "fields": {"name": "Can add social application", "content_type": 11, "codename": "add_socialapp"}}, {"model": "auth.permission", "pk": 42, "fields": {"name": "Can change social application", "content_type": 11, "codename": "change_socialapp"}}, {"model": "auth.permission", "pk": 43, "fields": {"name": "Can delete social application", "content_type": 11, "codename": "delete_socialapp"}}, {"model": "auth.permission", "pk": 44, "fields": {"name": "Can view social application", "content_type": 11, "codename": "view_socialapp"}}, {"model": "auth.permission", "pk": 45, "fields": {"name": "Can add social application token", "content_type": 12, "codename": "add_socialtoken"}}, {"model": "auth.permission", "pk": 46, "fields": {"name": "Can change social application token", "content_type": 12, "codename": "change_socialtoken"}}, {"model": "auth.permission", "pk": 47, "fields": {"name": "Can delete social application token", "content_type": 12, "codename": "delete_socialtoken"}}, {"model": "auth.permission", "pk": 48, "fields": {"name": "Can view social application token", "content_type": 12, "codename": "view_socialtoken"}}, {"model": "auth.permission", "pk": 49, "fields": {"name": "Can add board", "content_type": 13, "codename": "add_board"}}, {"model": "auth.permission", "pk": 50, "fields": {"name": "Can change board", "content_type": 13, "codename": "change_board"}}, {"model": "auth.permission", "pk": 51, "fields": {"name": "Can delete board", "content_type": 13, "codename": "delete_board"}}, {"model": "auth.permission", "pk": 52, "fields": {"name": "Can view board", "content_type": 13, "codename": "view_board"}}, {"model": "auth.permission", "pk": 53, "fields": {"name": "Can add column", "content_type": 14, "codename": "add_column"}}, {"model": "auth.permission", "pk": 54, "fields": {"name": "Can change column", "content_type": 14, "codename": "change_column"}}, {"model": "auth.permission", "pk": 55, "fields": {"name": "Can delete column", "content_type": 14, "codename": "delete_column"}}, {"model": "auth.permission", "pk": 56, "fields": {"name": "Can view column", "content_type": 14, "codename": "view_column"}}, {"model": "auth.permission", "pk": 57, "fields": {"name": "Can add card", "content_type": 15, "codename": "add_card"}}, {"model": "auth.permission", "pk": 58, "fields": {"name": "Can change card", "content_type": 15, "codename": "change_card"}}, {"model": "auth.permission", "pk": 59, "fields": {"name": "Can delete card", "content_type": 15, "codename": "delete_card"}}, {"model": "auth.permission", "pk": 60, "fields": {"name": "Can view card", "content_type": 15, "codename": "view_card"}}, {"model": "auth.permission", "pk": 61, "fields": {"name": "Can add manager", "content_type": 16, "codename": "add_manager"}}, {"model": "auth.permission", "pk": 62, "fields": {"name": "Can change manager", "content_type": 16, "codename": "change_manager"}}, {"model": "auth.permission", "pk": 63, "fields": {"name": "Can delete manager", "content_type": 16, "codename": "delete_manager"}}, {"model": "auth.permission", "pk": 64, "fields": {"name": "Can view manager", "content_type": 16, "codename": "view_manager"}}, {"model": "auth.permission", "pk": 65, "fields": {"name": "Can add tag", "content_type": 17, "codename": "add_tag"}}, {"model": "auth.permission", "pk": 66, "fields": {"name": "Can change tag", "content_type": 17, "codename": "change_tag"}}, {"model": "auth.permission", "pk": 67, "fields": {"name": "Can delete tag", "content_type": 17, "codename": "delete_tag"}}, {"model": "auth.permission", "pk": 68, "fields": {"name": "Can view tag", "content_type": 17, "codename": "view_tag"}}, {"model": "auth.permission", "pk": 69, "fields": {"name": "Can add stream", "content_type": 18, "codename": "add_stream"}}, {"model": "auth.permission", "pk": 70, "fields": {"name": "Can change stream", "content_type": 18, "codename": "change_stream"}}, {"model": "auth.permission", "pk": 71, "fields": {"name": "Can delete stream", "content_type": 18, "codename": "delete_stream"}}, {"model": "auth.permission", "pk": 72, "fields": {"name": "Can view stream", "content_type": 18, "codename": "view_stream"}}, {"model": "auth.permission", "pk": 73, "fields": {"name": "Can add post", "content_type": 19, "codename": "add_post"}}, {"model": "auth.permission", "pk": 74, "fields": {"name": "Can change post", "content_type": 19, "codename": "change_post"}}, {"model": "auth.permission", "pk": 75, "fields": {"name": "Can delete post", "content_type": 19, "codename": "delete_post"}}, {"model": "auth.permission", "pk": 76, "fields": {"name": "Can view post", "content_type": 19, "codename": "view_post"}}, {"model": "auth.permission", "pk": 77, "fields": {"name": "Can add post tag", "content_type": 20, "codename": "add_posttag"}}, {"model": "auth.permission", "pk": 78, "fields": {"name": "Can change post tag", "content_type": 20, "codename": "change_posttag"}}, {"model": "auth.permission", "pk": 79, "fields": {"name": "Can delete post tag", "content_type": 20, "codename": "delete_posttag"}}, {"model": "auth.permission", "pk": 80, "fields": {"name": "Can view post tag", "content_type": 20, "codename": "view_posttag"}}, {"model": "auth.permission", "pk": 81, "fields": {"name": "Can add project", "content_type": 21, "codename": "add_project"}}, {"model": "auth.permission", "pk": 82, "fields": {"name": "Can change project", "content_type": 21, "codename": "change_project"}}, {"model": "auth.permission", "pk": 83, "fields": {"name": "Can delete project", "content_type": 21, "codename": "delete_project"}}, {"model": "auth.permission", "pk": 84, "fields": {"name": "Can view project", "content_type": 21, "codename": "view_project"}}, {"model": "auth.permission", "pk": 85, "fields": {"name": "Can add manager", "content_type": 22, "codename": "add_manager"}}, {"model": "auth.permission", "pk": 86, "fields": {"name": "Can change manager", "content_type": 22, "codename": "change_manager"}}, {"model": "auth.permission", "pk": 87, "fields": {"name": "Can delete manager", "content_type": 22, "codename": "delete_manager"}}, {"model": "auth.permission", "pk": 88, "fields": {"name": "Can view manager", "content_type": 22, "codename": "view_manager"}}, {"model": "auth.permission", "pk": 89, "fields": {"name": "Can add directory listing", "content_type": 23, "codename": "add_directorylisting"}}, {"model": "auth.permission", "pk": 90, "fields": {"name": "Can change directory listing", "content_type": 23, "codename": "change_directorylisting"}}, {"model": "auth.permission", "pk": 91, "fields": {"name": "Can delete directory listing", "content_type": 23, "codename": "delete_directorylisting"}}, {"model": "auth.permission", "pk": 92, "fields": {"name": "Can view directory listing", "content_type": 23, "codename": "view_directorylisting"}}, {"model": "auth.permission", "pk": 93, "fields": {"name": "Can add deliverable", "content_type": 24, "codename": "add_deliverable"}}, {"model": "auth.permission", "pk": 94, "fields": {"name": "Can change deliverable", "content_type": 24, "codename": "change_deliverable"}}, {"model": "auth.permission", "pk": 95, "fields": {"name": "Can delete deliverable", "content_type": 24, "codename": "delete_deliverable"}}, {"model": "auth.permission", "pk": 96, "fields": {"name": "Can view deliverable", "content_type": 24, "codename": "view_deliverable"}}, {"model": "auth.permission", "pk": 97, "fields": {"name": "Can add card", "content_type": 25, "codename": "add_card"}}, {"model": "auth.permission", "pk": 98, "fields": {"name": "Can change card", "content_type": 25, "codename": "change_card"}}, {"model": "auth.permission", "pk": 99, "fields": {"name": "Can delete card", "content_type": 25, "codename": "delete_card"}}, {"model": "auth.permission", "pk": 100, "fields": {"name": "Can view card", "content_type": 25, "codename": "view_card"}}, {"model": "auth.permission", "pk": 101, "fields": {"name": "Can add board", "content_type": 26, "codename": "add_board"}}, {"model": "auth.permission", "pk": 102, "fields": {"name": "Can change board", "content_type": 26, "codename": "change_board"}}, {"model": "auth.permission", "pk": 103, "fields": {"name": "Can delete board", "content_type": 26, "codename": "delete_board"}}, {"model": "auth.permission", "pk": 104, "fields": {"name": "Can view board", "content_type": 26, "codename": "view_board"}}, {"model": "auth.permission", "pk": 105, "fields": {"name": "Can add stage", "content_type": 27, "codename": "add_stage"}}, {"model": "auth.permission", "pk": 106, "fields": {"name": "Can change stage", "content_type": 27, "codename": "change_stage"}}, {"model": "auth.permission", "pk": 107, "fields": {"name": "Can delete stage", "content_type": 27, "codename": "delete_stage"}}, {"model": "auth.permission", "pk": 108, "fields": {"name": "Can view stage", "content_type": 27, "codename": "view_stage"}}, {"model": "auth.permission", "pk": 109, "fields": {"name": "Can add task template", "content_type": 28, "codename": "add_tasktemplate"}}, {"model": "auth.permission", "pk": 110, "fields": {"name": "Can change task template", "content_type": 28, "codename": "change_tasktemplate"}}, {"model": "auth.permission", "pk": 111, "fields": {"name": "Can delete task template", "content_type": 28, "codename": "delete_tasktemplate"}}, {"model": "auth.permission", "pk": 112, "fields": {"name": "Can view task template", "content_type": 28, "codename": "view_tasktemplate"}}, {"model": "auth.permission", "pk": 113, "fields": {"name": "Can add task template tag", "content_type": 29, "codename": "add_tasktemplatetag"}}, {"model": "auth.permission", "pk": 114, "fields": {"name": "Can change task template tag", "content_type": 29, "codename": "change_tasktemplatetag"}}, {"model": "auth.permission", "pk": 115, "fields": {"name": "Can delete task template tag", "content_type": 29, "codename": "delete_tasktemplatetag"}}, {"model": "auth.permission", "pk": 116, "fields": {"name": "Can view task template tag", "content_type": 29, "codename": "view_tasktemplatetag"}}, {"model": "auth.permission", "pk": 117, "fields": {"name": "Can add tag", "content_type": 30, "codename": "add_tag"}}, {"model": "auth.permission", "pk": 118, "fields": {"name": "Can change tag", "content_type": 30, "codename": "change_tag"}}, {"model": "auth.permission", "pk": 119, "fields": {"name": "Can delete tag", "content_type": 30, "codename": "delete_tag"}}, {"model": "auth.permission", "pk": 120, "fields": {"name": "Can view tag", "content_type": 30, "codename": "view_tag"}}, {"model": "auth.permission", "pk": 121, "fields": {"name": "Can add task", "content_type": 31, "codename": "add_task"}}, {"model": "auth.permission", "pk": 122, "fields": {"name": "Can change task", "content_type": 31, "codename": "change_task"}}, {"model": "auth.permission", "pk": 123, "fields": {"name": "Can delete task", "content_type": 31, "codename": "delete_task"}}, {"model": "auth.permission", "pk": 124, "fields": {"name": "Can view task", "content_type": 31, "codename": "view_task"}}, {"model": "auth.permission", "pk": 125, "fields": {"name": "Can add task tag", "content_type": 32, "codename": "add_tasktag"}}, {"model": "auth.permission", "pk": 126, "fields": {"name": "Can change task tag", "content_type": 32, "codename": "change_tasktag"}}, {"model": "auth.permission", "pk": 127, "fields": {"name": "Can delete task tag", "content_type": 32, "codename": "delete_tasktag"}}, {"model": "auth.permission", "pk": 128, "fields": {"name": "Can view task tag", "content_type": 32, "codename": "view_tasktag"}}, {"model": "auth.permission", "pk": 129, "fields": {"name": "Can add evidence category", "content_type": 33, "codename": "add_evidencecategory"}}, {"model": "auth.permission", "pk": 130, "fields": {"name": "Can change evidence category", "content_type": 33, "codename": "change_evidencecategory"}}, {"model": "auth.permission", "pk": 131, "fields": {"name": "Can delete evidence category", "content_type": 33, "codename": "delete_evidencecategory"}}, {"model": "auth.permission", "pk": 132, "fields": {"name": "Can view evidence category", "content_type": 33, "codename": "view_evidencecategory"}}, {"model": "auth.permission", "pk": 133, "fields": {"name": "Can add evidence piece", "content_type": 34, "codename": "add_evidencepiece"}}, {"model": "auth.permission", "pk": 134, "fields": {"name": "Can change evidence piece", "content_type": 34, "codename": "change_evidencepiece"}}, {"model": "auth.permission", "pk": 135, "fields": {"name": "Can delete evidence piece", "content_type": 34, "codename": "delete_evidencepiece"}}, {"model": "auth.permission", "pk": 136, "fields": {"name": "Can view evidence piece", "content_type": 34, "codename": "view_evidencepiece"}}, {"model": "auth.permission", "pk": 137, "fields": {"name": "Can add task template evidence tag", "content_type": 35, "codename": "add_tasktemplateevidencetag"}}, {"model": "auth.permission", "pk": 138, "fields": {"name": "Can change task template evidence tag", "content_type": 35, "codename": "change_tasktemplateevidencetag"}}, {"model": "auth.permission", "pk": 139, "fields": {"name": "Can delete task template evidence tag", "content_type": 35, "codename": "delete_tasktemplateevidencetag"}}, {"model": "auth.permission", "pk": 140, "fields": {"name": "Can view task template evidence tag", "content_type": 35, "codename": "view_tasktemplateevidencetag"}}, {"model": "auth.permission", "pk": 141, "fields": {"name": "Can add task evidence tag", "content_type": 36, "codename": "add_taskevidencetag"}}, {"model": "auth.permission", "pk": 142, "fields": {"name": "Can change task evidence tag", "content_type": 36, "codename": "change_taskevidencetag"}}, {"model": "auth.permission", "pk": 143, "fields": {"name": "Can delete task evidence tag", "content_type": 36, "codename": "delete_taskevidencetag"}}, {"model": "auth.permission", "pk": 144, "fields": {"name": "Can view task evidence tag", "content_type": 36, "codename": "view_taskevidencetag"}}, {"model": "auth.permission", "pk": 145, "fields": {"name": "Can add evidence tag", "content_type": 37, "codename": "add_evidencetag"}}, {"model": "auth.permission", "pk": 146, "fields": {"name": "Can change evidence tag", "content_type": 37, "codename": "change_evidencetag"}}, {"model": "auth.permission", "pk": 147, "fields": {"name": "Can delete evidence tag", "content_type": 37, "codename": "delete_evidencetag"}}, {"model": "auth.permission", "pk": 148, "fields": {"name": "Can view evidence tag", "content_type": 37, "codename": "view_evidencetag"}}, {"model": "auth.permission", "pk": 149, "fields": {"name": "Can add evidence category tag", "content_type": 38, "codename": "add_evidencecategorytag"}}, {"model": "auth.permission", "pk": 150, "fields": {"name": "Can change evidence category tag", "content_type": 38, "codename": "change_evidencecategorytag"}}, {"model": "auth.permission", "pk": 151, "fields": {"name": "Can delete evidence category tag", "content_type": 38, "codename": "delete_evidencecategorytag"}}, {"model": "auth.permission", "pk": 152, "fields": {"name": "Can view evidence category tag", "content_type": 38, "codename": "view_evidencecategorytag"}}, {"model": "auth.user", "pk": 1, "fields": {"password": "pbkdf2_sha256$180000$orBPeMfKYT1r$SEsnw30PbG3gdDw8K6xfeuSwloReKHeswUWl/BrhQw0=", "last_login": "2020-02-10T16:52:42.398Z", "is_superuser": false, "username": "admin", "first_name": "Mark", "last_name": "Steadman", "email": "mark@radioburrito.com", "is_staff": false, "is_active": true, "date_joined": "2020-02-10T16:52:42.309Z", "groups": [], "user_permissions": [81]}}, {"model": "kanban.board", "pk": 1, "fields": {"name": "Episodes", "created": "2020-02-10T16:52:50.564Z", "updated": "2020-02-10T16:52:50.564Z", "creator": 1}}, {"model": "kanban.manager", "pk": 1, "fields": {"board": 1, "user": 1, "permissions": [50, 51, 57, 58, 59, 53, 54, 55]}}, {"model": "projects.project", "pk": 1, "fields": {"name": "List Envy", "slug": "5e418a6263da4", "creator": 1, "artwork": "projects/5e418a63dda8a.png", "created": "2020-02-10T16:52:50.549Z", "updated": "2020-02-10T16:52:51.052Z"}}, {"model": "projects.directorylisting", "pk": 1, "fields": {"project": 1, "directory": "apple", "url": "https://podcasts.apple.com/podcast/id1475607479"}}, {"model": "projects.manager", "pk": 1, "fields": {"project": 1, "user": 1, "permissions": [93, 94, 95, 133, 134, 135, 82, 83, 121, 122, 123]}}, {"model": "projects.stage", "pk": 1, "fields": {"project": 1, "name": "Planning", "colour": "6610f2", "board_column": 1, "ordering": 0}}, {"model": "projects.stage", "pk": 2, "fields": {"project": 1, "name": "Recording", "colour": "dc3545", "board_column": 2, "ordering": 1}}, {"model": "projects.stage", "pk": 3, "fields": {"project": 1, "name": "Editing", "colour": "fd7e14", "board_column": 3, "ordering": 2}}, {"model": "projects.stage", "pk": 4, "fields": {"project": 1, "name": "Awaiting approval", "colour": "ffc107", "board_column": 4, "ordering": 3}}, {"model": "projects.stage", "pk": 5, "fields": {"project": 1, "name": "Approved", "colour": "28a745", "board_column": 5, "ordering": 4}}, {"model": "projects.stage", "pk": 6, "fields": {"project": 1, "name": "Published", "colour": "20c997", "board_column": 6, "ordering": 5}}, {"model": "projects.evidencecategory", "pk": 1, "fields": {"project": 1, "name": "Assets", "description": "Assets may include series or episode artwork, marketing materials or pieces of music or speech that should be included with each episode.", "ordering": 0}}, {"model": "projects.evidencecategory", "pk": 2, "fields": {"project": 1, "name": "Recordings", "description": null, "ordering": 1}}, {"model": "projects.evidencecategory", "pk": 3, "fields": {"project": 1, "name": "Master", "description": null, "ordering": 2}}, {"model": "projects.evidencecategory", "pk": 4, "fields": {"project": 1, "name": "Notes", "description": null, "ordering": 3}}, {"model": "projects.board", "pk": 1, "fields": {"project": 1, "slug": "episodes", "default": true}}]